Fecha,BMV: AMX L,BMV: CEMEX CPO,BMV: FEMSA UBD,BMV: GAP B,BMV: GRUMA B,BMV:AUTLAN B,BMV:GFNORTE O,BMV:GISSA A,BMV:HERDEZ *,BMV:VITRO A,Z: CETES,BMV: NAFTRAC
8/24/2012,1283108.223,115766.5172,393282.8493,27809.75944,20483.0668,3573.083433,159239.342,6031.117477,13564.8,5719.78506,1000,0
8/31/2012,1290727.631,106083.1027,397862.979,27624.00723,20229.42398,3597.353734,156494.2372,6136.006477,13543.2,5650.454332,1000,0
9/7/2012,1280822.401,113916.964,401512.7698,28611.14755,19158.48763,3716.006117,160309.4676,6649.213368,13780.8,5636.588186,1000,0
9/14/2012,1251868.652,115331.266,415968.8039,27772.609,19987.05418,3856.235127,167218.7568,7623.18265,13858.56,5407.796784,1000,0
9/21/2012,1242725.363,118704.1987,422588.5225,27204.73796,19795.41294,3942.528016,161356.3296,7840.45272,14368.32,5445.928684,1000,0
9/28/2012,1252630.593,116528.207,424234.5066,28791.59255,20528.15886,3888.59462,169265.9536,7641.912828,14307.84,5425.129466,1000,0
10/5/2012,1286917.927,126646.8728,436257.3468,28908.35108,21277.8143,3648.590733,180479.0088,7604.452471,14999.04,5567.257458,1000,0
10/12/2012,1267107.467,123600.3785,428993.5475,29486.83654,20629.61599,3621.624035,179199.5108,7866.67497,15167.52,5823.781152,1000,0
10/19/2012,1291489.571,125993.9959,441159.5168,32140.43954,21413.09047,3635.106022,171429.4684,8143.881612,15638.4,5771.783106,1000,0
10/26/2012,1272441.053,128278.9328,426596.1359,32432.33587,21700.55234,3642.596542,168265.6188,8803.183895,15457.55717,5993.641436,1000,0
11/2/2012,1259568.282,133066.2998,422874.7806,32973.67088,21469.45554,3621.0262,170871.142,8784.453717,15332.34232,6621.084524,1000,0
11/9/2012,1196437.746,124579.5616,418294.651,34151.87061,20747.98264,3502.393404,164752.8152,8690.802824,15479.14594,6569.086478,1000,0
11/16/2012,1169816.436,122947.5016,437116.1211,34130.64179,20539.43187,3502.393404,167637.5016,8765.723538,15565.50101,6510.155359,1000,0
11/23/2012,1192634.702,128496.5584,453898.0023,34645.44077,21165.08416,3467.340577,172639.1756,8728.263181,15582.77202,6374.96044,1000,0
11/30/2012,1162210.347,125341.2513,453218.1394,35181.46857,20584.52393,3448.46891,172429.8032,8971.755502,15561.18325,5893.11188,1000,0
12/7/2012,1127222.34,126755.6856,458478.132,36179.2233,20900.16833,3378.365979,183852.2308,8780.707681,15539.59449,5823.781152,1000,0
12/14/2012,1153843.65,127626.0558,450892.2923,36794.8592,21914.7396,3459.25272,189598.34,8990.48568,16601.76182,5622.722041,1000,0
12/21/2012,1142434.517,138071.1601,460947.1081,38540.92997,21976.74118,3664.166884,189761.1852,8990.48568,17011.9484,5615.788968,1000,0
12/28/2012,1140913.299,137744.854,467459.4799,38976.12086,22162.74592,3621.0262,195228.1312,9140.327108,17098.30346,5640.054723,1000,0
1/4/2013,1177422.525,143837.7102,462950.9148,39559.91352,22512.20936,3634.505962,194972.2316,9552.391035,17638.02264,5820.314616,1000,0
1/11/2013,1181986.178,144817.0256,480376.8767,39814.65941,24146.79642,3836.724174,197856.918,9477.470321,17594.84511,6576.019551,1000,0
1/18/2013,1183507.396,143076.1528,483454.1513,41327.21312,24732.99315,3758.7814,207976.584,10301.59818,17309.87338,6579.486087,1000,0
1/25/2013,1213171.141,148189.8259,495405.4271,41746.4824,24411.71225,3686.188716,208837.3372,11230.61503,17266.69585,6413.09234,1000,0
2/1/2013,1231425.754,150801.2013,500772.7665,42176.36608,23836.78853,3750.71615,204021.772,11425.40889,17361.68642,7186.129957,1000,0
2/8/2013,1216213.577,144992.5978,497838.6209,41831.39769,23554.96317,3535.621084,203789.136,11275.56746,17093.98571,7491.18516,1000,0
2/15/2013,1082251.07,151761.7679,502526.0974,41629.72386,23346.41241,3382.36775,202253.7384,11238.1071,16627.66834,9134.323414,1000,0
2/22/2013,1057981.95,144119.2036,519057.5027,42303.73903,24282.07259,3430.761967,209279.3456,11582.74238,17383.68,10052.95556,1000,0
3/1/2013,1010202.12,153072.0584,500736.9842,41751.7896,20533.47224,3210.292973,215746.4205,11421.66285,17025.12,10725.46362,1000,0
3/8/2013,1031437.6,164972.8011,497588.1451,41385.59239,21900.846,3136.426611,209744.4174,11290.5516,17409.6,12236.87349,1000,0
3/15/2013,879755.6,168684.8924,498053.3145,36476.42684,24086.81476,3119.382514,229541.7222,11204.39278,18368.64,10309.47925,1000,0
3/22/2013,954079.78,164972.8011,475725.1826,36885.0817,25824.61419,3048.356835,221539.0514,11140.71017,18576,10410.00881,1000,0
3/29/2013,992758.69,164099.2741,497266.1047,38647.07409,24974.0071,3090.972816,229564.9857,10751.12246,19612.8,10694.26479,1000,0
4/5/2013,935877.94,165300.2409,512545.1309,42378.03991,24461.81358,3085.29145,212629.1011,10638.74139,19111.68,10059.88863,1000,0
4/12/2013,949077.7506,161806.5314,540705.7717,40870.79341,24470.9599,3099.494865,224353.9443,10567.56671,19254.24,10191.61702,1000,0
4/19/2013,925922.022,152416.9131,534479.6579,37432.95773,24562.42302,2840.966902,221678.6329,10582.55085,19012.32,10260.94774,1000,0
4/26/2013,933334.8566,159662.3807,495799.032,36205.38168,29103.56733,3039.834786,210535.3791,9969.43472,19768.32,10226.28238,1000,0
5/3/2013,982262.6569,163523.3022,508787.9933,37021.9631,27352.04843,3095.836448,210605.1698,9969.43472,18649.44,11147.97581,1000,0
5/10/2013,947420.1325,164772.459,499341.476,36902.99098,29396.24934,3208.414633,209348.9366,9898.224472,18709.92,11399.14338,1000,0
5/17/2013,945196.1416,172835.0535,510326.6306,36475.77288,27631.01097,3208.414633,212885.0004,9720.198852,18260.64,10819.52592,1000,0
5/24/2013,929628.2051,162955.5157,481199.8688,36259.45992,27416.07262,2854.602123,202113.9639,9734.440902,17141.76,10046.70264,1000,0
5/31/2013,952609.4446,169541.9186,498375.3549,36670.45454,26172.17408,2870.685494,190179.7485,9720.198852,17280,10892.94413,1000,0
6/7/2013,939922.9405,158753.8427,473435.1178,34593.85013,25627.96847,2945.736715,191505.7724,9606.262455,17750.88,10823.39004,1000,0
6/14/2013,932619.732,151259.0346,458871.7369,31808.82077,26071.56464,2613.370505,175546.9581,9698.835778,16649.28,10394.47312,1000,0
6/21/2013,920204.2774,149215.0564,438225.3713,31597.91563,27045.64695,2262.240813,167963.0317,9470.962984,17003.52,10433.11428,1000,0
6/28/2013,1031943.368,156255.529,480591.5703,35491.54891,26899.30594,2230.074071,178478.1689,9652.549116,17884.8,10549.03777,1000,0
7/5/2013,1007112.459,154552.3024,480555.7881,34350.49805,27324.60949,2248.837552,173127.546,9556.415282,18131.04,10425.38605,1000,0
7/12/2013,1003460.855,164658.8752,470143.1496,35453.69414,25562.48816,2329.248994,169033.1563,9673.912191,17418.24,10181.94671,1000,0
7/19/2013,954529.3576,161933.5266,453754.8733,34161.22421,25649.03797,2171.106221,191668.6175,9613.38348,17344.8,9818.719772,1000,0
7/26/2013,993155.7366,168011.5437,454756.7767,36476.22,28107.05275,1988.839745,189574.8955,9431.797348,17959.17226,9146.363519,1000,0
8/2/2013,960746.7386,171990.1454,473077.2952,40268.58,29855.35903,2235.443621,196670.2867,9328.542488,18632.47937,9853.49682,1000,0
8/9/2013,956236.0212,174718.3029,479661.2315,40021.74,30353.02047,2141.740982,208604.5021,9253.771728,19206.51684,10027.38206,1000,0
8/16/2013,954798.0723,177105.4905,451321.6794,38894.13,29318.75017,2112.292277,194739.4098,8929.765099,19418.00433,10471.75544,1000,0
8/23/2013,937542.6854,179378.9772,453468.6152,37654.32,30742.49464,1965.048751,192017.5712,8819.389215,19206.51684,11395.27926,1000,0
8/30/2013,924601.1453,172444.8162,452574.0586,37379.43,29907.28892,1903.471727,194227.6111,8367.20414,18429.62402,11124.79112,1000,0
9/6/2013,915973.4518,170853.4021,466564.9233,38636.07,31850.33229,2007.882002,188225.608,8011.1529,18826.70257,11785.55502,1000,0
9/13/2013,950484.2255,172558.5171,469928.456,38316.3,31867.64225,2128.356436,192948.1143,8117.968272,18753.32936,11005.00351,1000,0
9/20/2013,925320.1197,173013.1878,475939.8762,37486.02,30989.16162,2347.884623,198275.4736,7922.14009,19461.16504,11302.54047,1000,0
9/27/2013,949046.2766,169148.2871,461877.4469,38097.51,31781.09244,2744.105042,190272.8028,8096.605198,19335.99898,11476.42571,1000,0
10/4/2013,961268.8423,169602.9578,461734.3179,38753.88,33278.40425,2773.556451,196926.1861,7904.337528,19521.59004,11472.56159,1000,0
10/11/2013,984994.9992,159940.5064,447743.4532,39247.56,34416.53433,2401.428215,190575.2293,8061.000074,19400.74004,11468.69748,1000,0
10/18/2013,992903.7182,158182.3583,429494.4992,38417.28,34728.11367,2484.420513,192459.5791,7886.534966,18960.50078,11399.14338,1000,0
10/25/2013,972660.3,164568.9543,435148.0967,36819.08416,36614.89966,2460.325626,192506.1063,7619.496536,18702.6175,11205.93756,1000,0
11/1/2013,1003278.45,156699.8152,437903.3309,36337.06191,38912.79727,2451.893491,230191.8527,8295.993892,19661.28319,11584.62097,1000,0
11/8/2013,982629,156243.6583,424842.805,34811.54094,38332.91351,2411.741018,225337.8252,8064.560586,19354.6829,11580.75685,1000,0
11/15/2013,1018231.5,161261.6505,438941.0165,34965.15243,39388.82126,2411.741018,234796.2445,8011.1529,19432.41255,11573.02862,1000,0
11/22/2013,1074483.45,157954.3466,426130.9665,34732.08672,39657.12569,2395.682192,235767.05,8189.17852,19004.89947,11580.75685,1000,0
11/29/2013,1083028.05,164797.0995,450641.8164,36501.26729,39812.91536,2390.326546,248581.6826,8367.20414,19885.83551,11360.50222,1000,0
12/6/2013,1025352,169815.0916,433537.8949,37412.34231,39419.1137,2649.971272,255016.7362,8438.414388,19726.0579,11592.3492,1000,0
12/13/2013,1024639.95,168674.6328,438082.2422,36305.28022,41375.13954,2698.153158,261923.3239,8438.414388,19294.22651,12558.3783,1000,0
12/20/2013,1037675.96,173008.4563,444845.0899,36209.93516,42067.53807,2591.083502,251105.7769,8438.414388,18832.16692,12964.11052,1000,0
12/27/2013,1078031.46,175061.2288,456152.2849,36485.37645,42340.16999,2671.385744,249607.9627,8189.17852,20650.17707,12944.78994,1000,0
1/3/2014,1049867.41,170432.8814,442376.1138,35012.82496,44975.61188,2724.553084,255876.5519,8367.20414,20326.30353,14883.86141,1000,0
1/10/2014,1013227.742,183864.3901,451464.8085,37200.4644,45161.69399,2716.52205,258983.129,8192.739032,20511.99103,14773.01943,1000,0
1/17/2014,1015289.396,186008.8735,441338.4281,37083.93155,46118.06946,2879.783688,250190.4063,8491.822074,19989.47504,14205.50848,1000,0
1/24/2014,1001006.925,188040.5935,435684.8306,37772.53476,45555.49565,2903.868678,246889.6681,8548.790272,19190.58697,14418.32508,1000,0
1/31/2014,1002257.508,186573.2181,433609.4594,38424.05934,47057.13496,2842.31274,234158.2495,8545.22976,18098.05355,14409.45773,1000,0
2/7/2014,995089.359,192893.9048,433430.5481,37348.77894,46057.48458,2550.587006,237930.5217,8723.25538,16966.65531,14409.45773,1000,0
2/14/2014,986808.649,195151.2835,429065.112,37735.45613,46585.43846,2906.547492,240704.2512,8830.070752,17264.61897,14520.29971,1000,0
2/21/2014,933347.774,198424.5882,422445.3934,37062.74376,46511.87112,2836.96052,241980.1668,8919.083562,17124.48,14409.45773,1000,0
2/28/2014,897594.324,195715.6281,406092.8994,37435.50419,45196.31392,2788.785132,238623.954,9257.33224,15046.56,14498.13131,1000,0
3/7/2014,903420.334,192893.9048,400188.826,36556.0937,47039.825,2927.956372,231828.3166,9118.472256,15547.68,14187.77376,1000,0
3/14/2014,915003.232,180026.8728,393569.1074,37045.82529,46226.25673,2879.783688,223507.1279,9004.53586,15020.64,14187.77376,1000,0
3/21/2014,933230.779,193345.3541,419189.2075,38314.91468,45728.59528,2874.428764,233714.4527,9435.35786,15901.92,14719.81528,1000,0
3/28/2014,880751.19,186121.7688,435255.4435,40226.44767,46576.78348,2890.458615,238485.2676,9438.918372,16973.28,14187.77376,1000,0
4/4/2014,939998.78,198988.9328,423447.2968,40110.59719,47026.84252,3232.656673,235073.5802,9435.35786,16200,14937.06556,1000,0
4/11/2014,907666.65,189507.8368,431534.0882,39952.61926,46741.22813,3497.582406,232161.1642,9399.752736,16174.08,15274.02519,1000,0
4/18/2014,896344.82,192329.5601,443986.3156,40695.5901,46481.57868,3674.202265,238623.954,9613.38348,16325.28,15274.02519,1000,0
4/25/2014,904994.16,198006.8005,426596.1359,41730.57994,49800.76413,3741.101966,232327.5879,9933.829596,16870.00993,15296.19359,1000,0
5/2/2014,911813.76,200058.7732,434074.6288,42019.53649,50969.18664,3693.417824,250495.5166,9616.943992,16857.06288,16547.0631,1000,0
5/9/2014,898156.59,192829.1322,456438.543,41404.8471,56006.38593,3697.223184,254461.9498,9613.38348,17068.32,16764.46977,1000,0
5/16/2014,918069.51,192710.6135,454685.2121,42124.6116,53747.43574,3878.922306,252936.3986,9613.38348,16848,16711.32592,1000,0
5/23/2014,889276.605,195436.5437,445990.1223,42150.88038,56300.65531,3866.671264,260037.1463,9613.38348,17262.72,16711.32592,1000,0
5/30/2014,862715.337,196266.1747,436686.734,41530.93723,58559.60551,3905.662292,257901.3745,10133.21829,17236.8,16667.84459,1000,0
6/6/2014,912986.844,200058.7732,451643.7198,45040.4459,62224.99021,3976.426895,259759.7733,10410.93826,17020.8,16663.01333,1000,0
6/13/2014,901176.054,202547.666,443878.9688,44436.26402,63782.8869,3997.692493,260813.7905,10147.46034,16809.12,16904.57629,1000,0
6/20/2014,883138.658,205510.6336,440873.2587,46690.12513,64687.33248,3913.921571,266583.148,10396.69621,16757.28,16909.40755,1000,0
6/27/2014,921988.434,202784.7034,439263.0569,44819.78817,65648.03544,4006.515269,255432.7552,11090.99613,16964.64,16909.40755,1000,0
7/4/2014,931633.728,209540.1363,446705.7675,46395.91482,67716.57604,3992.169792,261285.3246,11660.67811,17133.12,16909.40755,1000,0
7/11/2014,1034696.032,203377.2969,433358.9836,45581.58272,65526.86569,4248.192761,251383.11,11674.92016,16770.24,17624.43393,1000,0
7/18/2014,1072064.812,203495.8156,453468.6152,48282.01305,65522.5382,4397.646686,256459.0351,11735.44887,16666.56,18184.86001,1000,0
7/25/2014,1075601.588,199466.1797,448208.6226,47759.05023,62553.87951,4352.580212,249857.5588,11714.0858,16695.69036,17445.67733,1000,0
8/1/2014,1068750.624,195080.9876,443127.5413,46760.45668,64120.43118,4223.704001,249358.2874,11803.09861,16168.68538,17049.51407,1000,0
8/8/2014,1053148.408,199229.1423,440408.0893,46818.26999,62722.65166,4238.662257,252409.39,11696.28323,16393.31046,17315.23333,1000,0
8/15/2014,1068970.812,198755.0675,442877.0654,48379.22938,63873.76421,4269.660661,246501.346,11710.52528,16039.094,17923.972,1000,0
8/22/2014,1084926.316,201006.9229,453611.7442,48904.80493,63631.42472,4212.240486,255127.6449,11628.6335,15978.61802,17977.11586,1000,0
8/29/2014,1104263.004,205866.1897,454184.2605,47706.49267,64553.18026,4182.896423,255321.806,11571.6653,15818.78864,17894.98445,1000,0
9/5/2014,1185753.332,207051.3768,451250.1149,50880.969,64033.88137,4262.926422,254683.8482,11685.6017,15559.60587,17150.97052,1000,0
9/12/2014,1178847.372,208236.4305,447063.5902,48999.40853,60532.94131,4161.554551,253546.6191,11603.70991,15719.43524,17870.82815,1000,0
9/19/2014,1182300.352,207999.5264,451679.5021,47159.8941,61104.1701,4140.215374,247749.5243,11674.92016,15542.32701,18107.55986,1000,0
9/26/2014,1173322.604,208473.4679,442018.2911,47617.14483,60740.66087,4134.877885,238568.4795,11536.06018,15490.49046,17996.44089,1000,0
10/3/2014,1158820.088,202073.5912,440121.8312,47879.93261,61961.01327,4148.217565,233520.2917,11301.06636,15356.57936,17479.49615,1000,0
10/10/2014,1124980.884,186903.197,429530.2815,46760.45668,61255.63227,4337.621626,231356.7826,11749.69092,15201.0697,17150.97052,1000,0
10/17/2014,1118599.277,193595.6305,428564.1604,49109.77939,62562.5345,4112.814555,227445.8239,11568.10479,15334.9808,17489.15867,1000,0
10/24/2014,1099257.957,201211.7349,444952.4367,53468.91,65154.70148,4218.176536,237764.0979,11892.11142,15076.51107,17387.70222,1000,0
10/31/2014,1126734.076,203791.3831,463451.8665,51398.82,64172.36107,4082.897616,239622.4967,12030.9714,14741.47749,16981.87644,1000,0
11/7/2014,1118211.312,204037.0639,470143.1496,53238.9,65215.28636,4117.782925,233797.6646,12102.18165,15785.23595,16764.46977,1000,0
11/14/2014,1077683.959,205511.1486,459336.9063,52711.56,63185.69317,4035.553374,208168.4035,11981.12423,15308.4574,16909.40755,1000,0
11/21/2014,1125802.633,211161.8067,478051.0297,53541.84,65362.42104,4120.880972,224672.0944,11927.71654,15493.1554,16909.40755,1000,0
11/28/2014,1121560.74,212144.5299,475045.3196,53222.07,66349.08895,4154.068037,218569.8893,11571.6653,15454.49768,17150.97052,1000,0
12/5/2014,1101904.362,202931.5004,459802.0757,52229.1,65518.21071,4068.745211,216378.643,11308.18738,15235.43726,16725.8197,1000,0
12/12/2014,1088803.219,192490.067,442483.4605,51701.76,64760.89982,4086.065142,216877.9143,10802.59462,14569.6654,16667.84459,1000,0
12/19/2014,1077609.867,192612.9074,464847.3747,51281.01,65877.39245,4036.252199,227667.7223,11571.6653,14711.41038,16870.75748,1000,0
12/26/2014,1118461.14,185119.6434,464095.9472,53160.36,66591.42843,4001.374915,222869.1701,11739.00938,15213.96075,16759.63851,1000,0
1/2/2015,1104516,180329.0062,453790.6556,51185.64,66085.11201,4103.315639,218653.1012,11731.88836,14638.39024,16904.57629,1000,0
1/9/2015,1132544.575,184259.7606,455007.2525,52655.46,66812.13046,4021.635026,216350.9057,11714.0858,14470.87345,16822.44488,1000,0
1/16/2015,1128576.225,168290.6477,448351.7516,51075.43195,67058.79744,3961.613579,216018.0581,11692.72272,15201.07484,16667.84459,1000,0
1/23/2015,1173077.625,171730.1787,459480.0353,52468.20716,71728.16001,3983.506897,223340.7042,11642.87555,15364.29633,16807.9511,1000,0
1/30/2015,1089599.175,163499.8724,447958.1467,52084.53701,70261.14063,3983.519482,210997.6076,11568.10479,14797.31642,16542.23184,1000,0
2/6/2015,1099309.65,180574.687,463129.8261,53298.61653,74960.79564,3957.036178,220733.3984,11368.71609,15149.53121,16184.71866,1000,0
2/13/2015,1111154.675,180329.0062,471717.5692,52173.88485,72853.30762,3971.683182,221870.6275,11390.07917,15334.22921,15880.34932,1000,0
2/20/2015,1108162.46,183891.2394,480627.3526,51848.02801,75938.80856,3907.316513,223978.662,11009.10434,15437.31647,15841.69924,1000,0
2/27/2015,1084368,188440.4598,510720.2355,53267.08199,79249.33902,3787.591708,225199.103,11183.56945,15932.90404,15836.86799,1000,0
3/6/2015,1045243.63,178863.0551,494725.5641,50649.71575,85407.35843,3722.012472,230164.0789,11197.8115,16588.78942,16136.40606,1000,0
3/13/2015,1034715.76,186077.1696,499663.5163,51017.61864,89449.23484,3737.045583,240787.4631,10912.97051,16972.09906,16131.5748,1000,0
3/20/2015,1063630.92,177743.6018,501309.5004,52168.62909,87233.55955,3750.862787,241675.0566,10945.01512,16840.07018,16184.71866,1000,0
3/27/2015,1055927.62,178987.4388,513332.3407,52667.92587,85203.96636,3790.526775,244004.9894,10991.30178,16601.56641,16305.50014,1000,0
4/3/2015,1096001.62,178241.1366,515371.9297,53088.38631,84935.66193,3820.962247,248526.1686,11251.21918,16810.25721,16223.36873,1000,0
4/10/2015,1092949.2,185082.2399,527681.028,52999.03846,86125.7219,3720.553189,243367.0316,11066.07254,18173.13593,15938.32443,1000,0
4/17/2015,1136886.17,187942.925,513547.0343,52415.6496,85277.5337,3637.121448,247167.0411,11187.12996,17887.7832,15807.88043,1000,0
4/24/2015,1142352.52,198018.0044,517805.1235,59573.98859,83338.81783,3745.21606,243311.557,11781.73553,17465.72332,16179.8874,1000,0
5/1/2015,1083236.4,188794.0564,497659.7096,57408.61733,80054.25231,3445.286784,242262.2052,11055.391,17806.93403,16170.22488,1000,0
5/8/2015,1059428.6,194789.5246,517697.7767,57976.23892,82105.48295,3014.950268,250320.996,11642.87555,17632.06354,16909.40755,1000,0
5/15/2015,1061167.2,199892.0331,518306.0752,58202.23641,84078.81875,3017.560731,245003.8557,11714.0858,17563.8214,20774.41499,1000,0
5/22/2015,1048460.4,191345.3106,512115.7438,57844.84503,85385.72097,3620.027111,240185.1973,11390.07917,17111.71721,20484.53943,1000,0
5/29/2015,1085986.44,183946.6595,490324.3458,57582.05726,87995.19793,3325.313493,240739.0661,11325.98994,17017.88426,19668.05661,1000,0
6/5/2015,1070949.438,185477.4672,494618.2173,57061.73746,86541.16102,3098.411323,236889.6781,11269.02175,16847.27891,21330.00981,1000,0
6/12/2015,1059520.896,187901.0967,492936.451,57145.82955,88544.78926,3064.504282,238634.3647,11429.2448,17056.27047,21460.45381,1000,0
6/19/2015,1082644.728,188156.2083,498912.0888,56304.90867,86510.86858,3442.678955,240960.6136,11390.07917,16996.55859,21257.54092,1000,0
6/26/2015,1115914.038,188538.9447,505173.9848,57151.08531,87614.37874,3264.092775,239243.6204,11642.87555,17380.42064,22706.91871,1000,0
7/3/2015,1101642.298,183181.3246,505782.2833,58780.36951,86125.7219,3196.034834,237388.16,11365.15558,17265.26203,22962.97545,1000,0
7/10/2015,1088131.667,181395.4052,510541.3242,60809.09114,86168.99681,3197.938299,247662.4259,11568.10479,17525.4352,22610.29352,1000,0
7/17/2015,1082632.118,183053.6998,522206.3418,64519.65452,87947.59553,3155.980646,241542.1758,11500.45505,18003.13019,22702.08745,1000,0
7/24/2015,1030447.239,168001.148,513296.5584,65523.50382,91249.47101,3057.870804,234424.962,11500.45505,18291.37345,23325.3199,1000,0
7/31/2015,1045120.274,175144.8254,522778.858,66847.9542,91357.65828,2891.03132,234840.3636,11536.06018,18652.55713,25170.86095,1000,0
8/7/2015,1044453.318,175782.5355,530507.8268,70957.95501,93711.81327,2950.988848,235671.1667,11457.7289,18867.54741,25262.65488,1000,0
8/14/2015,1009807.6,168766.6208,533620.8836,71015.76832,95615.90923,2904.06442,230189.363,11290.38482,18282.77384,24697.39754,1000,0
8/21/2015,1001814.4,152438.5108,510398.1952,66958.32507,93101.63707,2588.631792,213658.111,11094.55664,18244.07559,24412.35324,1000,0
8/28/2015,1026460.1,163791.5991,524532.1889,70826.56112,93893.56789,2606.880766,221479.945,11390.07917,17612.00415,25016.26066,1000,0
9/4/2015,994487.3,159709.5371,514441.5908,73890.66657,96888.19152,2476.536596,215294.594,11447.04737,18390.26898,29528.65684,1000,0
9/11/2015,983163.6,164812.1836,519021.7205,76686.7285,98549.94799,2666.838294,212520.894,11536.06018,18519.26315,30427.27107,1000,0
9/18/2015,990490.7,164046.7108,537234.8922,77779.92564,98255.67861,2721.582582,224475.541,11496.89454,18987.94197,32069.89923,1000,0
9/25/2015,951856.9,151035.3279,530722.5204,76776.07634,101730.6537,2679.874028,222644.899,11393.63968,18467.66548,19286.38713,1000,0
10/2/2015,945195.9,152565.9976,538129.4487,77117.70045,105391.7109,2567.778832,232186.427,11197.8115,18863.24761,18223.51008,1000,0
10/9/2015,979167,164684.5588,550009.16,77643.276,108845.0486,2541.709998,231160.158,11037.58844,19383.5241,19199.42446,1000,0
10/16/2015,949858.6,164812.1836,566969.9525,77348.95369,106711.5956,2458.287622,244085.6,11037.58844,19774.80641,19088.30549,1000,0
10/23/2015,948792.166,155902.0701,594522.2948,76481.75404,108394.9896,2369.65464,252157.067,11386.4272,20373.49033,19088.30549,1000,0
10/30/2015,976600.45,140593.7739,583859.1805,78189.87457,110307.7405,2396.096133,246720.615,11461.15063,19704.8706,23040.2756,1000,0
11/6/2015,944819.554,140459.5722,598959.2953,81805.83436,112259.4388,2364.910984,262641.653,11457.59237,19842.90822,25987.34377,1000,0
11/13/2015,887216.68,125554.1718,575307.2197,81248.72427,111389.6132,2338.922922,249272.419,11493.17496,19622.91076,26257.8943,1000,0
11/20/2015,935550.126,137371.0436,588976.044,84165.66858,110485.1676,2338.922922,260284.008,11382.86894,19778.20308,25740.94955,1000,0
11/27/2015,907210.98,139716.9014,589977.9474,81432.67572,108014.1704,2354.87165,248939.575,11375.65872,19308.01243,23010.79557,1000,0
12/4/2015,869430.72,134069.1105,566504.7831,77680.06629,105893.6999,2235.327636,247441.777,11368.54671,18095.86956,22146.2281,1000,0
12/11/2015,831600,121294.2034,564608.3231,79209.49114,99363.51626,2144.330511,245722.083,11379.21472,19316.63978,22797.97896,1000,0
12/18/2015,838200,120756.2008,570440.832,84092.088,104669.02,2079.346818,265082.509,11379.21472,19420.168,22398.94782,1000,0
12/25/2015,822360,130707.2852,585111.5597,83172.33079,104080.4812,2089.547169,258286.944,11396.99474,19829.96719,22860.05047,1000,0
1/1/2016,799920,126807.4573,578348.712,79913.76238,104617.0901,2053.166543,263473.763,11368.54671,19312.32611,23791.12312,1000,0
1/8/2016,720621.72,104485.0769,546073.1111,75546.22956,106616.3908,1998.562433,246443.245,10668.0138,19273.50303,23653.67907,1000,0
1/15/2016,750215.34,106502.1139,560958.5323,76476.49828,107910.3106,1790.91931,236929.454,10312.41334,18725.66621,23068.4334,1000,0
1/22/2016,789624.99,108250.3678,578348.712,75803.76158,108970.5458,1593.622469,235681.289,10984.49821,18328.80805,23148.23963,1000,0
1/29/2016,843538.87,110423.1357,614775.0554,80066.17929,118919.4472,1629.951211,262475.231,10493.76957,18695.47048,23498.50029,1000,0
2/5/2016,858708.06,124562.6267,591445.0202,78347.54724,118759.33,1648.120267,247996.517,11020.05826,18471.15935,23933.00086,1000,0
2/12/2016,794733.65,114059.0173,599674.9406,79114.88754,119161.7867,1531.322939,237262.298,10490.21357,18281.35762,23538.4034,1000,0
2/19/2016,786819.29,124697.3537,630733.9446,78016.43464,123389.7452,1572.85146,254070.92,10668.0138,17556.6601,25227.63522,1000,0
2/26/2016,806605.19,133450.3858,609479.2806,76607.89217,124501.9103,1520.984299,247654.9204,10496.86258,16668.0429,25391.68135,1000,0
3/4/2016,864643.83,141799.5282,605722.143,74027.31622,122909.3937,1687.097749,262054.1038,11009.2518,15865.69922,25870.51872,1000,0
3/11/2016,887727.38,145031.3744,585719.8581,76797.09937,112064.7018,1949.246929,261088.6413,11009.2518,16180.59755,25653.26843,1000,0
3/18/2016,857149.539,161056.1698,584539.0435,78994.00517,116517.6898,1829.853706,272398.3447,11315.26203,16003.73685,25657.70211,1000,0
3/25/2016,884161.938,161864.2406,584825.3016,79046.56272,115145.8752,1827.258429,267102.0933,11457.59237,15766.48468,25493.65598,1000,0
4/1/2016,899315.235,169001.2767,605650.5785,80933.37894,119620.5007,1837.639537,270329.4965,11386.4272,16568.82836,25493.65598,1000,0
4/8/2016,890750.328,166442.6287,581783.8092,85294.368,120187.402,1809.08887,257530.2224,11279.67945,17530.77804,25138.96163,1000,0
4/15/2016,891409.167,172906.4667,576845.857,83454.768,114405.8743,1837.639537,259571.4859,11236.98034,17690.38405,27919.84749,1000,0
4/22/2016,897338.718,177889.0359,586220.8098,82772.89337,107910.3106,2003.752986,263267.828,11368.63591,17724.96,27982.65387,1000,0
4/29/2016,800407.68,178842.4662,572802.4613,85195.79666,108762.8263,1754.582812,269419.2033,11560.78187,16450.56,28717.00528,1000,0
5/6/2016,757622.73,170719.5196,578134.0184,89431.93559,115076.6354,1842.830091,264426.383,11742.25305,16308,30171.21433,1000,0
5/13/2016,767496.18,167918.6541,589870.6006,97042.26955,111584.3503,1777.942926,269253.6954,11706.67047,16856.64,30060.09536,1000,0
5/20/2016,758280.96,165817.9323,577346.8087,96973.94473,114643.8863,1811.684147,264619.4755,11564.34013,17400.96,29006.88084,1000,0
5/27/2016,756964.5,167778.5381,605400.1026,97389.14942,115678.1566,1790.91931,270357.0811,11631.94704,16848,29750.89477,1000,0
6/3/2016,747091.05,166237.9892,615884.3056,96884.59689,116695.1169,1840.234814,270577.7583,11550.10709,17012.16,29045.53091,1000,0
6/10/2016,744458.13,163997.2969,610051.7968,95255.31268,113068.6796,1975.202319,267929.6326,11457.59237,17206.56,28552.74246,1000,0
6/17/2016,738523.4835,167498.4515,608262.6836,97641.42568,111359.3208,2032.306275,265253.9223,11283.2377,17301.6,28166.24172,1000,0
6/24/2016,724068.3975,157414.8991,598386.7791,97767.56381,109701.8918,1866.190204,266164.2155,11027.04309,17085.6,27098.53341,1000,0
7/1/2016,749693.3226,158395.2748,594593.8593,99822.56421,114289.032,1832.448983,286466.5124,10827.78062,17815.68,28340.16705,1000,0
7/8/2016,743779.8784,161616.3428,594307.6012,100143.1653,116612.8946,1850.618543,280866.8299,10934.52837,17681.76,28209.72305,1000,0
7/15/2016,747722.1745,174780.9929,605256.9736,100926.2729,117188.4509,1829.853706,278742.8125,10959.43618,17591.04,28393.31091,1000,0
7/22/2016,762177.2605,178562.3797,631735.848,103128.4344,119443.0736,1866.190204,281170.261,11169.37343,17508.96,29277.43136,1000,0
7/29/2016,708299.2128,200150.5432,600247.4568,96952.92171,116699.4444,1770.052432,283266.6938,11564.34013,16791.84,29644.60706,1000,0
8/5/2016,709613.3115,206173.393,599853.8519,97184.17495,116833.5966,1897.223965,287487.1441,11706.67047,16848,29325.74395,1000,0
8/12/2016,722754.2988,222980.9123,629481.5654,99060.47966,113202.8318,1930.965812,299017.5247,11706.67047,18040.32,29717.07595,1000,0
8/19/2016,725382.4962,220879.9724,644724.8093,102524.0225,113497.1012,1897.223965,289721.5002,11596.36445,18398.88,29518.99432,1000,0
8/26/2016,720783.1507,217518.4394,614202.5392,98109.18792,109593.7045,1866.079863,284204.5717,11884.58339,17820,29470.68173,1000,0
9/1/2016,720783.1507,217518.4394,614202.5392,98109.18792,109593.7045,1866.079863,284204.5717,11884.58339,17820,29470.68173,1000,0
9/2/2016,738502.1845,219199.2788,617709.201,98703.08829,108883.996,1842.72113,292148.9487,11991.33115,17863.2,29364.39403,1000,0
9/9/2016,737150.8539,207293.8554,605757.9252,95591.68103,106097.0919,1829.745513,286852.6974,11884.58339,18092.16,29349.90025,1000,0
9/16/2016,754718.1519,204352.5687,600784.1907,91802.28132,109364.3475,1484.560019,277198.0725,11589.24793,17949.6,28330.50454,1000,0
9/23/2016,772961.1153,214577.1527,652167.52,94409.13605,110831.3669,1627.304915,284425.2488,11742.25305,18165.6,28736.33032,1000,0
9/30/2016,747924.9459,215137.3839,639607.9458,96763.71451,110325.0505,1598.755936,280480.6449,12532.18644,18213.12,29794.3761,1000,0
10/7/2016,759410.6949,218639.0475,642291.6155,98392.99872,108797.4462,1783.028049,293252.3344,12542.86121,18148.32,29944.14514,1000,0
10/11/2016,759410.6949,218639.0475,642291.6155,98392.99872,108797.4462,1783.028049,293252.3344,12542.86121,18148.32,29944.14514,1000,0
10/14/2016,743871.1522,223401.1586,656032.0043,98666.298,111216.5136,1796.006287,295348.7672,13514.26578,18900,30002.12025,1000,0
10/21/2016,756032.5334,237127.4062,655745.7462,102082.5391,115340.6123,1788.218296,310961.6749,13606.7805,19656,29552.81314,1000,0
10/28/2016,841837.8343,230648.454,646120.3176,96301.20803,114284.7045,1879.058101,307706.6871,13368.37718,19479.34846,29808.86988,1000,0
11/4/2016,777603.2032,222225.4044,615168.6603,92969.05904,109762.4767,1998.444264,301665.6504,13343.46938,19336.81664,29953.80766,1000,0
11/11/2016,757312.2105,216329.4302,605328.5381,85721.37221,107499.199,2190.504369,261474.8263,11984.21463,18162.00893,27055.05208,1000,0
11/18/2016,764546.0337,223208.1154,578778.0992,92164.92845,106927.9702,2631.717294,252427.0635,11799.18519,17768.96664,26687.87637,1000,0
11/25/2016,796813.6958,232192.6725,590085.2942,95155.45333,108239.1999,2945.758685,267157.2626,12809.7306,17820.7964,27055.05208,1000,0
12/2/2016,802081.8855,226858.0598,567792.9445,86651.64093,105919.6648,2732.937593,264509.1369,12297.34138,17794.88152,27485.03416,1000,0
12/9/2016,868592.7807,251565.4094,579493.7444,92963.80328,106551.4785,3075.527963,276784.3028,12347.157,17846.71127,27069.54586,1000,0
12/16/2016,815910.8835,228823.4818,559598.8064,89321.56472,112324.3512,3623.154056,277915.2732,12226.17621,17233.39254,27774.90972,1000,0
12/23/2016,847520.0218,225313.8413,559598.8064,87813.16289,111705.52,3926.814953,275598.1632,12293.78312,16365.24419,30973.20337,1000,0
12/30/2016,858056.4013,232192.6725,564178.936,89600.11976,113856.2829,3906.051344,282190.8928,12806.17234,16265.90384,31132.63493,1000,0
12/31/2016,858056.4013,232192.6725,564178.936,89600.11976,113856.2829,3906.051344,282190.8928,12806.17234,16265.90384,31132.63493,1000,0
1/6/2017,886372.9211,238930.9078,572730.8968,87277.07583,118850.2073,4111.087066,268646.8333,12493.04559,16054.26568,30915.22826,1000,0
1/13/2017,890982.5871,239913.6189,579994.6961,85674.07041,116335.9352,4409.555096,272674.1911,12396.97261,15678.49998,30755.7967,1000,0
1/20/2017,885055.8736,265603.6795,579565.309,85211.56392,118032.3116,4186.35351,271460.4668,12411.20565,15548.9256,30436.93359,1000,0
1/27/2017,881104.7313,271780.4074,574376.8809,86530.75855,123329.1603,3911.241591,283514.9556,12450.34649,16162.24433,31403.18545,1000,0
2/3/2017,846861.4981,263497.9536,575020.9616,85836.99883,122242.9601,4087.728334,282080.5542,12311.57441,16175.20177,31403.18545,1000,0
2/10/2017,875113.4,256478.8185,585218.9065,90719.59569,122701.6741,3880.097489,281390.9381,12453.90475,16067.22312,30920.05952,1000,0
2/17/2017,853400.06,248105.1155,584825.3016,92417.20471,122359.8024,4201.92425,275515.4093,12404.08913,16024.03166,32369.43731,1000,0
2/24/2017,827080.86,237714.8692,587079.5841,88864.31399,115569.9693,4204.519374,274494.7775,12759.91498,16070.95226,34060.37807,1000,0
3/3/2017,859979.86,242207.9684,589942.1651,91644.60865,115695.4665,4183.758386,274454.6376,12976.96875,15816.40563,33896.11525,1000,0
3/10/2017,809973.38,237714.8692,604791.8042,91881.11765,112657.568,4230.473229,277726.2095,12984.08527,16105.46706,36224.78223,1000,0
3/17/2017,883009.16,244454.445,614882.4022,92622.17918,113341.3115,4388.791487,287733.3704,12895.1288,16925.19348,36229.61349,1000,0
3/24/2017,876429.36,235046.9592,612628.1197,96800.5048,114289.032,4570.468476,304366.1517,12806.17234,17041.68092,35949.40045,1000,0
3/30/2017,876429.36,235046.9592,612628.1197,96800.5048,114289.032,4570.468476,304366.1517,12806.17234,17041.68092,35949.40045,1000,0
3/31/2017,873797.44,237995.6788,594128.6899,95717.81917,114033.7101,4855.960889,295981.0306,13514.26578,16705.16165,35558.06845,1000,0
4/7/2017,884983.1,245297.0198,618460.6285,99197.12931,113670.2008,4778.099322,300792.1657,13457.33365,17205.6262,35654.69363,1000,0
4/14/2017,886299.06,236872.2945,608513.1595,97263.01128,112112.3042,4765.123704,294194.0376,13549.84837,17266.0271,35746.48756,1000,0
4/21/2017,904064.52,233923.7209,611626.2163,99181.36204,112233.4739,4663.903405,302991.5417,13599.66399,17347.99974,34456.54133,1000,0
4/28/2017,951793.19,243190.875,606187.3124,101751.4265,108784.4637,4769.27969,299527.5244,13446.65887,18051.23873,34881.69215,1000,0
5/2/2017,951793.19,243190.875,606187.3124,101751.4265,108784.4637,4769.27969,299527.5244,13446.65887,18051.23873,34881.69215,1000,0
5/5/2017,959027.202,244156.8424,607296.5625,103112.6672,107269.842,4598.11607,296915.7654,13275.86246,17839.62962,37678.99128,1000,0
5/12/2017,950476.205,238169.7428,614739.2732,105693.2431,105080.1316,4012.00391,298097.93,13621.01354,17744.69206,37379.4532,1000,0
5/19/2017,972182.582,233058.8041,612306.0793,105714.2661,105595.103,4159.82918,300792.1657,13791.80995,17041.29109,36567.80164,1000,0
5/26/2017,991027.312,227071.7045,630519.251,103990.3783,104907.032,4238.536015,301012.1033,14055.12108,16730.58636,36674.08935,1000,0
6/2/2017,981144.422,232766.7504,631413.8076,100300.838,105975.9222,4343.965531,299829.9387,14154.77364,16847.10063,36190.96342,1000,0
6/9/2017,969946.6955,245325.0569,616063.2169,96574.50731,104478.6104,4250.527583,297300.6562,14159.17477,16782.37048,36635.43927,1000,0
6/16/2017,939018.4994,242404.5205,622790.2823,100179.9556,102509.6021,4183.351919,311431.6473,14284.44373,16808.26254,36809.36461,1000,0
6/23/2017,935051.7136,241382.3328,623291.234,103853.7287,101925.3908,4479.478456,311569.1083,14389.98661,16674.4869,36620.94549,1000,0
6/30/2017,960008.3708,248975.7274,639643.728,107422.3867,102423.0523,4435.750035,317232.5016,14868.99652,16929.09216,36843.18342,1000,0
7/7/2017,968534.2955,259927.7389,628086.0572,105730.0334,101561.8816,4287.474247,321741.2225,14670.18424,16713.32499,36732.06446,1000,0
7/14/2017,979027.1487,262848.2753,649054.4631,107522.246,102167.7303,4492.904026,332133.2742,14687.96628,17149.17467,36606.45172,1000,0
7/21/2017,1020849.667,261534.0339,651094.0521,108457.7705,108901.306,4476.830754,332848.0715,14709.30473,17028.34506,38650.0744,1000,0
7/28/2017,1049898.574,257233.6008,644188.0754,106833.742,107732.8835,4244.848803,322428.5275,14581.27403,16974.84306,38650.0744,1000,0
8/4/2017,1051856.881,262483.2662,634312.1709,107764.0108,105201.3013,4382.449406,332545.6572,14459.059,18107.35723,38650.0744,1000,0
8/11/2017,1062404.187,247484.2224,637711.4858,103070.6211,103989.6039,4396.736513,336916.9171,14359.34375,17725.56268,38340.8738,1000,0
8/18/2017,1101369.599,245534.3467,639858.4216,102750.02,108745.5163,4464.713268,334140.2049,14255.12735,17828.51852,38365.0301,1000,0
8/25/2017,1099380.874,242384.5475,632630.4045,102755.2758,114224.1197,4369.545811,343707.4907,13998.90046,18879.52599,38224.92358,1000,0
8/30/2017,1099380.874,242384.5475,632630.4045,102755.2758,114224.1197,4369.545811,343707.4907,13998.90046,18879.52599,38224.92358,1000,0
9/1/2017,1089460.696,252583.8973,635135.1629,103475.3143,114141.8973,4429.365356,336806.9483,13757.45526,19570.18804,37872.24165,1000,0
